AT2G29130;gene-go;GO:0009414;no_ontology
AT1G18450;gene-go;GO:0022414;no_ontology
AT4G25700;gene-go;GO:0016123;no_ontology
AT2G17790;gene-go;GO:0016197;no_ontology
AT3G27920;gene-go;GO:0003677;no_ontology
AT3G51570;gene-go;GO:0032550;no_ontology
AT1G52520;gene-go;GO:0005634;no_ontology
AT3G07980;gene-go;GO:0016301;no_ontology
AT3G10270;gene-go;GO:0003918;no_ontology
AT3G50070;gene-go;GO:0009791;no_ontology
AT4G34160;gene-go;GO:0042127;no_ontology
AT3G19450;gene-go;GO:0000166;no_ontology
AT1G02280;gene-go;GO:0044434;no_ontology
AT3G09820;gene-go;GO:0016020;no_ontology
AT1G71890;gene-go;GO:0022857;no_ontology
AT2G26330;gene-go;GO:0004674;no_ontology
AT1G17840;gene-go;GO:0017111;no_ontology
AT4G09820;gene-go;GO:0009962;no_ontology
AT1G52740;gene-go;GO:0009908;no_ontology
AT1G13710;gene-go;GO:0005783;no_ontology
AT1G34210;gene-go;GO:0005886;no_ontology
AT4G17730;gene-go;GO:0005774;no_ontology
AT1G22260;gene-go;GO:0044454;no_ontology
AT1G53090;gene-go;GO:0048585;no_ontology
AT4G26840;gene-go;GO:0005737;no_ontology
AT1G15750;gene-go;GO:0005829;no_ontology
AT3G27080;gene-go;GO:0005515;no_ontology
AT3G50820;gene-go;GO:0010109;no_ontology
AT1G32450;gene-go;GO:0010035;no_ontology
AT3G48780;gene-go;GO:0016409;no_ontology
AT1G23420;gene-go;GO:0003700;no_ontology
AT1G65660;gene-go;GO:0000377;no_ontology
AT5G10140;gene-go;GO:0003700;no_ontology
AT3G15354;gene-go;GO:0005834;no_ontology
AT1G48910;gene-go;GO:0055114;no_ontology
AT3G63010;gene-go;GO:0009312;no_ontology
AT1G27320;gene-go;GO:0006355;no_ontology
AT2G45280;gene-go;GO:0000724;no_ontology
AT1G01610;gene-go;GO:0000038;no_ontology
AT4G26080;gene-go;GO:0006950;no_ontology
AT3G47690;gene-go;GO:0015630;no_ontology
AT3G01650;gene-go;GO:0009414;no_ontology
AT2G17420;gene-go;GO:0004791;no_ontology
AT1G70940;gene-go;GO:0031988;no_ontology
AT2G29090;gene-go;GO:0009536;no_ontology
AT5G14750;gene-go;GO:0005515;no_ontology
AT1G50010;gene-go;GO:0003924;no_ontology
AT2G22540;gene-go;GO:0045893;no_ontology
AT5G40410;gene-go;GO:0005739;no_ontology
AT3G05120;gene-go;GO:0001101;no_ontology
AT5G17880;gene-go;GO:0009416;no_ontology
AT2G30420;gene-go;GO:0006355;no_ontology
AT3G11440;gene-go;GO:0005634;no_ontology
AT1G61720;gene-go;GO:0016491;no_ontology
AT1G01280;gene-go;GO:0045229;no_ontology
AT5G09350;gene-go;GO:0009536;no_ontology
AT3G58070;gene-go;GO:0006355;no_ontology
AT2G30470;gene-go;GO:0010033;no_ontology
AT2G41940;gene-go;GO:0006952;no_ontology
AT1G53700;gene-go;GO:0016301;no_ontology
AT1G19850;gene-go;GO:0016458;no_ontology
AT4G19600;gene-go;GO:0000394;no_ontology
AT3G13730;gene-go;GO:0016705;no_ontology
AT2G22310;gene-go;GO:0019783;no_ontology
AT1G03130;gene-go;GO:0030003;no_ontology
AT2G16500;gene-go;GO:0009791;no_ontology
AT1G12110;gene-go;GO:0015706;no_ontology
AT3G04080;gene-go;GO:0005768;no_ontology
AT4G14960;gene-go;GO:0007017;no_ontology
AT3G23670;gene-go;GO:0048646;no_ontology
AT1G31340;gene-go;GO:0005886;no_ontology
AT2G46770;gene-go;GO:0048856;no_ontology
AT1G75780;gene-go;GO:0051603;no_ontology
AT2G30432;gene-go;GO:0022603;no_ontology
AT1G74490;gene-go;GO:0004672;no_ontology
AT1G15550;gene-go;GO:0005506;no_ontology
AT5G19770;gene-go;GO:0051258;no_ontology
AT4G32540;gene-go;GO:0009791;no_ontology
AT4G38190;gene-go;GO:0030244;no_ontology
AT1G02880;gene-go;GO:0006772;no_ontology
AT4G32410;gene-go;GO:0006970;no_ontology
AT1G23820;gene-go;GO:0005515;no_ontology
AT2G35690;gene-go;GO:0055114;no_ontology
AT3G49670;gene-go;GO:0071555;no_ontology
AT1G01120;gene-go;GO:0016020;no_ontology
AT2G34650;gene-go;GO:0009908;no_ontology
AT1G63650;gene-go;GO:0030154;no_ontology
AT5G23260;gene-go;GO:0005515;no_ontology
AT1G29400;gene-go;GO:0006605;no_ontology
AT4G25420;gene-go;GO:0009908;no_ontology
AT1G64760;gene-go;GO:0031224;no_ontology
AT4G19230;gene-go;GO:0009055;no_ontology
AT1G41830;gene-go;GO:0042546;no_ontology
AT4G00600;gene-go;GO:0009396;no_ontology
AT3G43190;gene-go;GO:0007165;no_ontology
AT1G09795;gene-go;GO:0003879;no_ontology
AT1G21430;gene-go;GO:0050662;no_ontology
AT2G02220;gene-go;GO:0016772;no_ontology
AT4G20140;gene-go;GO:0005524;no_ontology
AT2G42830;gene-go;GO:0000003;no_ontology
AT4G00730;gene-go;GO:0032502;no_ontology
AT2G19490;gene-go;GO:0005739;no_ontology
AT2G43790;gene-go;GO:0005634;no_ontology
AT1G27390;gene-go;GO:0006605;no_ontology
AT1G15510;gene-go;GO:0009451;no_ontology
AT1G02730;gene-go;GO:0042546;no_ontology
AT1G26830;gene-go;GO:0005515;no_ontology
AT1G58200;gene-go;GO:0006970;no_ontology
AT3G03050;gene-go;GO:0030244;no_ontology
AT1G54490;gene-go;GO:0006139;no_ontology
AT1G68050;gene-go;GO:0005515;no_ontology
AT1G01420;gene-go;GO:0016757;no_ontology
AT3G57230;gene-go;GO:0008134;no_ontology
AT1G73590;gene-go;GO:0055044;no_ontology
AT1G04820;gene-go;GO:0005829;no_ontology
AT5G17420;gene-go;GO:0044264;no_ontology
AT2G38230;gene-go;GO:0008152;no_ontology
AT5G20240;gene-go;GO:0046983;no_ontology
AT1G04250;gene-go;GO:0003700;no_ontology
AT2G17290;gene-go;GO:0016020;no_ontology
AT3G54340;gene-go;GO:0000003;no_ontology
AT1G13180;gene-go;GO:0007015;no_ontology
AT2G16640;gene-go;GO:0009653;no_ontology
AT5G44870;gene-go;GO:0032550;no_ontology
AT1G22920;gene-go;GO:0009791;no_ontology
AT4G14713;gene-go;GO:0048856;no_ontology
AT2G37040;gene-go;GO:0016841;no_ontology
AT3G22840;gene-go;GO:0009411;no_ontology
AT2G46340;gene-go;GO:0022414;no_ontology
AT5G05170;gene-go;GO:0030244;no_ontology
AT3G07780;gene-go;GO:0046740;no_ontology
AT4G11960;gene-go;GO:0015996;no_ontology
AT4G24280;gene-go;GO:0006457;no_ontology
AT5G44340;gene-go;GO:0007017;no_ontology
AT3G18780;gene-go;GO:0006094;no_ontology
AT1G15950;gene-go;GO:0016620;no_ontology
AT1G22710;gene-go;GO:0005886;no_ontology
AT2G23150;gene-go;GO:0005794;no_ontology
AT1G05630;gene-go;GO:0005634;no_ontology
AT4G20370;gene-go;GO:0005575;no_ontology
AT1G28380;gene-go;GO:0006952;no_ontology
AT2G22780;gene-go;GO:0006635;no_ontology
AT1G48605;gene-go;GO:0009651;no_ontology
AT4G36380;gene-go;GO:0055114;no_ontology
AT4G32730;gene-go;GO:0006355;no_ontology
AT1G05580;gene-go;GO:0006812;no_ontology
AT3G51060;gene-go;GO:0045893;no_ontology
AT5G16830;gene-go;GO:0006886;no_ontology
AT5G07290;gene-go;GO:0003723;no_ontology
AT3G30180;gene-go;GO:0019825;no_ontology
AT3G02000;gene-go;GO:0045454;no_ontology
AT4G05190;gene-go;GO:0051258;no_ontology
AT1G65480;gene-go;GO:0005515;no_ontology
AT3G05630;gene-go;GO:0045892;no_ontology
AT4G26430;gene-go;GO:0043234;no_ontology
AT2G23760;gene-go;GO:0043565;no_ontology
AT2G44900;gene-go;GO:0005634;no_ontology
AT1G17260;gene-go;GO:0016021;no_ontology
AT1G04240;gene-go;GO:0005634;no_ontology
AT4G39350;gene-go;GO:0005886;no_ontology
AT3G06860;gene-go;GO:0016836;no_ontology
AT3G02230;gene-go;GO:0030244;no_ontology
AT3G22880;gene-go;GO:0003677;no_ontology
AT1G16400;gene-go;GO:0005506;no_ontology
AT1G55610;gene-go;GO:0004713;no_ontology
AT3G47460;gene-go;GO:0006396;no_ontology
AT4G18780;gene-go;GO:0042742;no_ontology
AT2G26080;gene-go;GO:0009536;no_ontology
AT1G75850;gene-go;GO:0006886;no_ontology
AT2G46410;gene-go;GO:0005634;no_ontology
GO:0044723;go-go;GO:0016051;biological_process
GO:0050789;go-go;GO:0048519;biological_process
GO:0044767;go-go;GO:0048869;biological_process
GO:0003674;go-go;GO:0001071;molecular_function
GO:0034641;go-go;GO:0043603;biological_process
GO:0016020;go-go;GO:0031090;cellular_component
GO:0044249;go-go;GO:0034637;biological_process
GO:0043226;go-go;GO:0044422;cellular_component
GO:2000112;go-go;GO:2000113;biological_process
GO:0006631;go-go;GO:0009062;biological_process
GO:0071704;go-go;GO:0043170;biological_process
GO:0010605;go-go;GO:0010629;biological_process
GO:0006073;go-go;GO:0051273;biological_process
GO:0005488;go-go;GO:0097159;molecular_function
GO:0006351;go-go;GO:0006355;biological_process
GO:0008152;go-go;GO:0019222;biological_process
GO:0044710;go-go;GO:0044711;biological_process
GO:1902579;go-go;GO:0044766;biological_process
GO:0042558;go-go;GO:0006760;biological_process
GO:0006810;go-go;GO:0046907;biological_process
GO:0050794;go-go;GO:0042127;biological_process
GO:0046483;go-go;GO:0033013;biological_process
GO:0044766;go-go;GO:0046794;biological_process
GO:0006778;go-go;GO:0006787;biological_process
GO:0005694;go-go;GO:0000228;cellular_component
GO:0048519;go-go;GO:0009892;biological_process
GO:0043226;go-go;GO:0043227;cellular_component
GO:0016020;go-go;GO:0098552;cellular_component
GO:0044257;go-go;GO:0051603;biological_process
GO:0016787;go-go;GO:0008233;molecular_function
GO:1901575;go-go;GO:0016042;biological_process
GO:0005488;go-go;GO:0019825;molecular_function
GO:0009415;go-go;GO:0009414;biological_process
GO:0044763;go-go;GO:0034637;biological_process
GO:0044712;go-go;GO:0046149;biological_process
GO:0044446;go-go;GO:0044435;cellular_component
GO:0044425;go-go;GO:0098796;cellular_component
GO:0032502;go-go;GO:0048856;biological_process
GO:0044424;go-go;GO:0043229;cellular_component
GO:0003824;go-go;GO:0016853;molecular_function
GO:0051186;go-go;GO:0051187;biological_process
GO:0009987;go-go;GO:0016043;biological_process
GO:0010558;go-go;GO:1902679;biological_process
GO:0046907;go-go;GO:1902582;biological_process
GO:0098797;go-go;GO:0005834;cellular_component
GO:0044464;go-go;GO:0012505;cellular_component
GO:0019219;go-go;GO:0045935;biological_process
GO:0044085;go-go;GO:0022607;biological_process
GO:2000112;go-go;GO:0006355;biological_process
GO:0043170;go-go;GO:0090304;biological_process
GO:0034641;go-go;GO:0044271;biological_process
GO:0071704;go-go;GO:1901575;biological_process
GO:0044237;go-go;GO:0006790;biological_process
GO:0019538;go-go;GO:0036211;biological_process
GO:0044403;go-go;GO:0051701;biological_process
GO:0044711;go-go;GO:0046148;biological_process
GO:0019222;go-go;GO:0051171;biological_process
GO:0016070;go-go;GO:0032774;biological_process
GO:0033036;go-go;GO:0008104;biological_process
GO:0070271;go-go;GO:0006461;biological_process
GO:0016757;go-go;GO:0016763;molecular_function
GO:0006725;go-go;GO:0019438;biological_process
GO:0001883;go-go;GO:0032550;molecular_function
GO:0097159;go-go;GO:1901265;molecular_function
GO:0008610;go-go;GO:0008299;biological_process
GO:0030243;go-go;GO:0030244;biological_process
GO:0044242;go-go;GO:0009062;biological_process
GO:0044249;go-go;GO:0031327;biological_process
GO:0009892;go-go;GO:0009890;biological_process
GO:0016020;go-go;GO:0098805;cellular_component
GO:0051704;go-go;GO:0044764;biological_process
GO:0017111;go-go;GO:0003924;molecular_function
GO:0044403;go-go;GO:0016032;biological_process
GO:0044702;go-go;GO:0090567;biological_process
GO:0044238;go-go;GO:0080090;biological_process
GO:0008652;go-go;GO:1901607;biological_process
GO:0005575;go-go;GO:0044464;cellular_component
GO:0019752;go-go;GO:0032787;biological_process
GO:1901576;go-go;GO:0008610;biological_process
GO:0017111;go-go;GO:0016887;molecular_function
GO:0044444;go-go;GO:0005773;cellular_component
GO:0044444;go-go;GO:0044437;cellular_component
GO:0044085;go-go;GO:0070271;biological_process
GO:0090567;go-go;GO:0009908;biological_process
GO:0043170;go-go;GO:0019538;biological_process
GO:0005996;go-go;GO:0019318;biological_process
GO:0009893;go-go;GO:0051173;biological_process
GO:0003006;go-go;GO:0048608;biological_process
GO:1901576;go-go;GO:0009813;biological_process
GO:0034645;go-go;GO:2000113;biological_process
GO:0044446;go-go;GO:0070013;cellular_component
GO:0051814;go-go;GO:0044000;biological_process
GO:0018130;go-go;GO:0042559;biological_process
GO:0048856;go-go;GO:0048731;biological_process
GO:0006807;go-go;GO:0051173;biological_process
GO:0016042;go-go;GO:0044242;biological_process
GO:0071822;go-go;GO:0006461;biological_process
GO:0055114;go-go;GO:0016491;biological_process
GO:0006810;go-go;GO:0071702;biological_process
GO:0048731;go-go;GO:0061458;biological_process
GO:0009889;go-go;GO:0010556;biological_process
GO:0008104;go-go;GO:0045184;biological_process
GO:1901565;go-go;GO:0033015;biological_process
GO:0043232;go-go;GO:0005694;cellular_component
GO:0006082;go-go;GO:0016054;biological_process
GO:0009890;go-go;GO:0031327;biological_process
GO:0006281;go-go;GO:0000725;biological_process
GO:1901564;go-go;GO:1901566;biological_process
GO:0043231;go-go;GO:0005739;cellular_component
GO:0016835;go-go;GO:0016836;molecular_function
GO:0031323;go-go;GO:0019219;biological_process
GO:0044249;go-go;GO:0044271;biological_process
GO:0009056;go-go;GO:0044248;biological_process
GO:0044444;go-go;GO:0005829;cellular_component
GO:0051641;go-go;GO:0070727;biological_process
GO:0018193;go-go;GO:0018212;biological_process
GO:0009653;go-go;GO:0022603;biological_process
GO:0044425;go-go;GO:0044459;cellular_component
GO:0050789;go-go;GO:0050793;biological_process
GO:0043233;go-go;GO:0070013;cellular_component
GO:0006631;go-go;GO:0000038;biological_process
GO:0008150;go-go;GO:0098754;biological_process
GO:0032774;go-go;GO:2001141;biological_process
GO:0044723;go-go;GO:0005996;biological_process
GO:0071704;go-go;GO:1901360;biological_process
GO:1901566;go-go;GO:0042559;biological_process
GO:0009628;go-go;GO:0009314;biological_process
GO:0005975;go-go;GO:0005976;biological_process
GO:0016070;go-go;GO:0051254;biological_process
GO:0044428;go-go;GO:0000228;cellular_component
GO:0044085;go-go;GO:0042546;biological_process
GO:0044767;go-go;GO:0007275;biological_process
GO:0051707;go-go;GO:0009617;biological_process
GO:0005488;go-go;GO:1901363;molecular_function
GO:0051186;go-go;GO:0006732;biological_process
GO:0044464;go-go;GO:0044424;cellular_component
GO:0009507;go-go;GO:0044434;cellular_component
GO:0009416;go-go;GO:0009411;biological_process
GO:0032774;go-go;GO:0097659;biological_process
GO:0031328;go-go;GO:1902680;biological_process
GO:0031325;go-go;GO:0045935;biological_process
GO:0016462;go-go;GO:0017111;molecular_function
GO:0006520;go-go;GO:0008652;biological_process
GO:0005488;go-go;GO:0036094;molecular_function
GO:0043231;go-go;GO:0009536;cellular_component
GO:0042398;go-go;GO:0009396;biological_process
GO:0071822;go-go;GO:0007015;biological_process
GO:0044707;go-go;GO:0009791;biological_process
GO:0009889;go-go;GO:0009962;biological_process
GO:0046483;go-go;GO:0046700;biological_process
GO:0046483;go-go;GO:0018130;biological_process
GO:0044711;go-go;GO:0016051;biological_process
GO:0036094;go-go;GO:0001882;molecular_function
GO:0008380;go-go;GO:0000394;biological_process
GO:0055082;go-go;GO:0006873;biological_process
GO:0006950;go-go;GO:0033554;biological_process
GO:0009813;go-go;GO:0009962;biological_process
GO:0005886;go-go;GO:0019897;cellular_component
GO:0044237;go-go;GO:0044260;biological_process
GO:0071702;go-go;GO:0015031;biological_process
GO:1901360;go-go;GO:0042558;biological_process
GO:0016051;go-go;GO:0000271;biological_process
GO:0051273;go-go;GO:0030243;biological_process
GO:0016773;go-go;GO:0004672;molecular_function
GO:0042592;go-go;GO:0019725;biological_process
GO:0005575;go-go;GO:0016020;cellular_component
GO:0008104;go-go;GO:0034613;biological_process
GO:0065008;go-go;GO:0042592;biological_process
GO:0044248;go-go;GO:0044242;biological_process
GO:0009536;go-go;GO:0044435;cellular_component
GO:0005975;go-go;GO:0044723;biological_process
GO:0006725;go-go;GO:0006139;biological_process
GO:0044435;go-go;GO:0044434;cellular_component
GO:0006721;go-go;GO:0016108;biological_process
GO:0044710;go-go;GO:0006629;biological_process
GO:1901363;go-go;GO:1901265;molecular_function
GO:0034645;go-go;GO:0033692;biological_process
GO:0005773;go-go;GO:0044437;cellular_component
GO:0071704;go-go;GO:1901564;biological_process
GO:0051234;go-go;GO:0051649;biological_process
GO:0044763;go-go;GO:0007154;biological_process
GO:0007010;go-go;GO:0030036;biological_process
GO:0005856;go-go;GO:0015630;cellular_component
GO:0043604;go-go;GO:0009396;biological_process
GO:0044425;go-go;GO:0019898;cellular_component
GO:0044767;go-go;GO:0009791;biological_process
GO:0043232;go-go;GO:0005856;cellular_component
GO:0043226;go-go;GO:0031982;cellular_component
GO:0044446;go-go;GO:0044427;cellular_component
GO:1901564;go-go;GO:0072527;biological_process
GO:0006259;go-go;GO:0006310;biological_process
GO:0044281;go-go;GO:0005996;biological_process
GO:0006807;go-go;GO:0034641;biological_process
GO:0009628;go-go;GO:0009415;biological_process
GO:0019898;go-go;GO:0019897;cellular_component
GO:0009058;go-go;GO:0009890;biological_process
GO:0040011;go-go;GO:0052192;biological_process
GO:0044766;go-go;GO:1902586;biological_process
GO:0044459;go-go;GO:0019897;cellular_component
GO:0008150;go-go;GO:0048519;biological_process
GO:0009059;go-go;GO:0034645;biological_process
GO:0010629;go-go;GO:0045892;biological_process
GO:0019752;go-go;GO:0046394;biological_process
GO:1901360;go-go;GO:1901362;biological_process
GO:0031982;go-go;GO:0031988;cellular_component
GO:0051179;go-go;GO:0051641;biological_process
GO:0044444;go-go;GO:0005783;cellular_component
GO:0016032;go-go;GO:0046794;biological_process
GO:0006139;go-go;GO:0045934;biological_process
GO:0006508;go-go;GO:0051603;biological_process
GO:0008150;go-go;GO:0022414;biological_process
GO:0031326;go-go;GO:0031327;biological_process
GO:0006778;go-go;GO:0015994;biological_process
GO:0019439;go-go;GO:0033015;biological_process
GO:0051171;go-go;GO:0051173;biological_process
GO:0044459;go-go;GO:0098797;cellular_component
GO:1901361;go-go;GO:0033015;biological_process
GO:0016070;go-go;GO:0051252;biological_process
GO:0009311;go-go;GO:0009312;biological_process
GO:0006766;go-go;GO:0006767;biological_process
GO:0044710;go-go;GO:0044723;biological_process
GO:0044424;go-go;GO:0031234;cellular_component
GO:0016763;go-go;GO:0003879;molecular_function
GO:0031327;go-go;GO:1902679;biological_process
GO:0071554;go-go;GO:0071555;biological_process
GO:0044444;go-go;GO:0005794;cellular_component
GO:0046483;go-go;GO:0072527;biological_process
GO:0010605;go-go;GO:0051253;biological_process
GO:0032787;go-go;GO:0072329;biological_process
GO:0000166;go-go;GO:0017076;molecular_function
GO:0050896;go-go;GO:0048585;biological_process
GO:0044260;go-go;GO:0044265;biological_process
GO:0044281;go-go;GO:0006766;biological_process
GO:1901575;go-go;GO:0016054;biological_process
GO:0044271;go-go;GO:0034654;biological_process
GO:0044764;go-go;GO:1902586;biological_process
GO:0044422;go-go;GO:0043233;cellular_component
GO:0071840;go-go;GO:0044085;biological_process
GO:1901566;go-go;GO:0042398;biological_process
GO:0050896;go-go;GO:0042221;biological_process
GO:0035639;go-go;GO:0005524;molecular_function
GO:0043227;go-go;GO:0043231;cellular_component
GO:0009058;go-go;GO:0044249;biological_process
GO:0097659;go-go;GO:1903506;biological_process
GO:0015031;go-go;GO:0006886;biological_process
GO:0009987;go-go;GO:1990748;biological_process
GO:0044763;go-go;GO:0044255;biological_process
GO:0044763;go-go;GO:0030029;biological_process
GO:0016209;go-go;GO:0004791;molecular_function
GO:0006732;go-go;GO:0009108;biological_process
GO:0033013;go-go;GO:0033015;biological_process
GO:1901362;go-go;GO:0042559;biological_process
GO:0048522;go-go;GO:0031325;biological_process
GO:0050794;go-go;GO:0045454;biological_process
GO:0010604;go-go;GO:0051254;biological_process
GO:0008150;go-go;GO:0008152;biological_process
GO:0044699;go-go;GO:0008283;biological_process
GO:1901576;go-go;GO:0016053;biological_process
GO:0044255;go-go;GO:0006631;biological_process
GO:0048608;go-go;GO:0090567;biological_process
GO:0008152;go-go;GO:0009056;biological_process
GO:0044255;go-go;GO:0006720;biological_process
GO:0009893;go-go;GO:0009891;biological_process
GO:0006811;go-go;GO:0006820;biological_process
GO:0009892;go-go;GO:0031324;biological_process
GO:0070011;go-go;GO:0008234;molecular_function
GO:0009059;go-go;GO:0000271;biological_process
GO:0006355;go-go;GO:0045892;biological_process
GO:0071704;go-go;GO:0006082;biological_process
GO:0044260;go-go;GO:0016070;biological_process
GO:0044238;go-go;GO:0006520;biological_process
GO:0051172;go-go;GO:0045934;biological_process
GO:0008094;go-go;GO:0003918;molecular_function
GO:0008150;go-go;GO:0040011;biological_process
GO:0008152;go-go;GO:0071704;biological_process
GO:0046794;go-go;GO:0046739;biological_process
GO:0005886;go-go;GO:0098797;cellular_component
GO:0044699;go-go;GO:0044710;biological_process
GO:0006790;go-go;GO:0042723;biological_process
GO:0042221;go-go;GO:0009636;biological_process
GO:0030258;go-go;GO:0034440;biological_process
GO:0010467;go-go;GO:0010628;biological_process
GO:0016020;go-go;GO:0098796;cellular_component
GO:0019438;go-go;GO:0042559;biological_process
GO:0042221;go-go;GO:1901700;biological_process
GO:2001141;go-go;GO:1902680;biological_process
GO:0009892;go-go;GO:0010605;biological_process
GO:0010557;go-go;GO:1902680;biological_process
GO:0044446;go-go;GO:0044437;cellular_component
GO:0004672;go-go;GO:0004713;molecular_function
GO:0016491;go-go;GO:0016903;molecular_function
GO:0050896;go-go;GO:0009607;biological_process
GO:0044444;go-go;GO:0005739;cellular_component
GO:0000375;go-go;GO:0000377;biological_process
GO:0044763;go-go;GO:0048869;biological_process
GO:0048869;go-go;GO:0030154;biological_process
GO:0046700;go-go;GO:0033015;biological_process
GO:0009628;go-go;GO:0006970;biological_process
GO:0044283;go-go;GO:0046364;biological_process
GO:0019538;go-go;GO:0030163;biological_process
GO:0016116;go-go;GO:0016122;biological_process
GO:0043412;go-go;GO:0009451;biological_process
GO:0045229;go-go;GO:0071555;biological_process
GO:0003674;go-go;GO:0009055;molecular_function
GO:0051701;go-go;GO:0052126;biological_process
GO:0050789;go-go;GO:0019222;biological_process
GO:0000166;go-go;GO:0032553;molecular_function
GO:0044267;go-go;GO:0006464;biological_process
GO:0051188;go-go;GO:0009108;biological_process
GO:0005575;go-go;GO:0044425;cellular_component
GO:0048583;go-go;GO:0048585;biological_process
GO:0006631;go-go;GO:0019395;biological_process
GO:0043170;go-go;GO:0060255;biological_process
GO:0044248;go-go;GO:0051187;biological_process
GO:0044237;go-go;GO:0044262;biological_process
GO:0044712;go-go;GO:0044282;biological_process
GO:0009812;go-go;GO:0009813;biological_process
GO:0051716;go-go;GO:0033554;biological_process
GO:0022414;go-go;GO:0003006;biological_process
GO:0031090;go-go;GO:0098588;cellular_component
GO:0051171;go-go;GO:0019219;biological_process
GO:0043207;go-go;GO:0051707;biological_process
GO:0006820;go-go;GO:0015698;biological_process
GO:0044464;go-go;GO:0071944;cellular_component
GO:0031324;go-go;GO:0031327;biological_process
GO:0051179;go-go;GO:1902579;biological_process
GO:0009889;go-go;GO:0009890;biological_process
GO:0032550;go-go;GO:0005524;molecular_function
GO:0016108;go-go;GO:0016116;biological_process
GO:1903507;go-go;GO:0045892;biological_process
GO:0051704;go-go;GO:1902579;biological_process
GO:0006760;go-go;GO:0009396;biological_process
GO:1901700;go-go;GO:0009415;biological_process
GO:0060255;go-go;GO:0051252;biological_process
GO:0051641;go-go;GO:0051649;biological_process
GO:0019897;go-go;GO:0031234;cellular_component
GO:0009250;go-go;GO:0051274;biological_process
GO:0044765;go-go;GO:0055085;biological_process
GO:1902578;go-go;GO:0044765;biological_process
GO:0051171;go-go;GO:0051172;biological_process
GO:0052126;go-go;GO:0044000;biological_process
GO:0033692;go-go;GO:0009250;biological_process
GO:0019319;go-go;GO:0006094;biological_process
GO:1901360;go-go;GO:1901361;biological_process
GO:0032555;go-go;GO:0032559;molecular_function
GO:0043168;go-go;GO:0035639;molecular_function
GO:1901564;go-go;GO:1901565;biological_process
GO:0006720;go-go;GO:0008299;biological_process
GO:0016310;go-go;GO:0016301;biological_process
GO:0016114;go-go;GO:0016109;biological_process
GO:0044763;go-go;GO:1902589;biological_process
GO:0019538;go-go;GO:0044267;biological_process
GO:0008150;go-go;GO:0023052;biological_process
GO:0006575;go-go;GO:0006760;biological_process
GO:0044710;go-go;GO:0042440;biological_process
GO:0008150;go-go;GO:0032501;biological_process
GO:0044264;go-go;GO:0006073;biological_process
GO:1901360;go-go;GO:0072527;biological_process
GO:0070013;go-go;GO:0031981;cellular_component
GO:0051254;go-go;GO:1902680;biological_process
GO:0044765;go-go;GO:1902582;biological_process
GO:0031323;go-go;GO:0010109;biological_process
GO:0019538;go-go;GO:0006508;biological_process
GO:0043170;go-go;GO:0010604;biological_process
GO:0010605;go-go;GO:0010558;biological_process
GO:0044699;go-go;GO:0044702;biological_process
GO:0044459;go-go;GO:0009898;cellular_component
GO:0061505;go-go;GO:0003918;molecular_function
GO:0044419;go-go;GO:0044403;biological_process
GO:0006575;go-go;GO:0042398;biological_process
GO:0031323;go-go;GO:0031325;biological_process
GO:0009987;go-go;GO:0071554;biological_process
GO:1901576;go-go;GO:1901362;biological_process
GO:0060255;go-go;GO:0010604;biological_process
GO:0006629;go-go;GO:0044255;biological_process
GO:0009987;go-go;GO:0050794;biological_process
GO:0044237;go-go;GO:0034641;biological_process
GO:0048878;go-go;GO:0050801;biological_process
GO:0098754;go-go;GO:1990748;biological_process
GO:0043231;go-go;GO:0005783;cellular_component
GO:0044237;go-go;GO:0044248;biological_process
GO:0080090;go-go;GO:0009962;biological_process
GO:0009058;go-go;GO:1901576;biological_process
GO:0031327;go-go;GO:2000113;biological_process
GO:0044711;go-go;GO:0044283;biological_process
GO:0097367;go-go;GO:0001882;molecular_function
GO:0044238;go-go;GO:0006629;biological_process
GO:0031323;go-go;GO:0031324;biological_process
GO:0044271;go-go;GO:0042559;biological_process
GO:0006725;go-go;GO:0042558;biological_process
GO:2000113;go-go;GO:0045892;biological_process
GO:0044000;go-go;GO:0046739;biological_process
GO:0044422;go-go;GO:0044446;cellular_component
GO:0006787;go-go;GO:0015996;biological_process
GO:0044237;go-go;GO:0015979;biological_process
GO:0015994;go-go;GO:0015996;biological_process
GO:0043229;go-go;GO:0044446;cellular_component
GO:0043229;go-go;GO:0043232;cellular_component
GO:0034641;go-go;GO:0006139;biological_process
GO:0080090;go-go;GO:0019219;biological_process
GO:0051234;go-go;GO:0006810;biological_process
GO:0010556;go-go;GO:2001141;biological_process
GO:0071704;go-go;GO:0005975;biological_process
GO:0032991;go-go;GO:0043234;cellular_component
GO:0022607;go-go;GO:0065003;biological_process
GO:0065003;go-go;GO:0006461;biological_process
GO:0006810;go-go;GO:0005215;biological_process
GO:0042558;go-go;GO:0042559;biological_process
GO:0008150;go-go;GO:0050896;biological_process
GO:0044710;go-go;GO:0006281;biological_process
GO:0043170;go-go;GO:0010467;biological_process
GO:0034645;go-go;GO:2000112;biological_process
GO:0008150;go-go;GO:0051179;biological_process
GO:0006807;go-go;GO:1901564;biological_process
GO:0010604;go-go;GO:0010557;biological_process
GO:0051704;go-go;GO:0044419;biological_process
GO:0044424;go-go;GO:0005834;cellular_component
GO:0051186;go-go;GO:0006778;biological_process
GO:0009059;go-go;GO:0032774;biological_process
GO:0036211;go-go;GO:0006464;biological_process
GO:0016070;go-go;GO:0051253;biological_process
GO:1902494;go-go;GO:0005834;cellular_component
GO:1901265;go-go;GO:0000166;molecular_function
GO:0044444;go-go;GO:0009536;cellular_component
GO:0016070;go-go;GO:0006396;biological_process
GO:0016043;go-go;GO:0045229;biological_process
GO:0006508;go-go;GO:0008233;biological_process
GO:0006281;go-go;GO:0006302;biological_process
GO:0003916;go-go;GO:0061505;molecular_function
GO:0098552;go-go;GO:0098562;cellular_component
GO:0043933;go-go;GO:0065003;biological_process
GO:0009987;go-go;GO:0044764;biological_process
GO:0006807;go-go;GO:0051172;biological_process
GO:0016310;go-go;GO:0006468;biological_process
GO:0017076;go-go;GO:0030554;molecular_function
GO:1901575;go-go;GO:0009057;biological_process
GO:0032787;go-go;GO:0006631;biological_process
GO:0008299;go-go;GO:0016114;biological_process
GO:0005996;go-go;GO:0046364;biological_process
GO:0009108;go-go;GO:0009396;biological_process
GO:0005575;go-go;GO:0055044;cellular_component
GO:0044238;go-go;GO:0005975;biological_process
GO:0048518;go-go;GO:0009893;biological_process
GO:0006793;go-go;GO:0006796;biological_process
GO:0048856;go-go;GO:0009653;biological_process
GO:1903506;go-go;GO:1903508;biological_process
GO:0008150;go-go;GO:0050789;biological_process
GO:0070727;go-go;GO:0034613;biological_process
GO:0009890;go-go;GO:0010558;biological_process
GO:0016051;go-go;GO:0046364;biological_process
GO:0006464;go-go;GO:0006468;biological_process
GO:0006351;go-go;GO:0045892;biological_process
GO:0042623;go-go;GO:0008094;molecular_function
GO:0019725;go-go;GO:0045454;biological_process
GO:1901575;go-go;GO:1901361;biological_process
GO:0071554;go-go;GO:0042546;biological_process
GO:0044422;go-go;GO:0031090;cellular_component
GO:0044260;go-go;GO:0044267;biological_process
GO:0023052;go-go;GO:0044700;biological_process
GO:0046395;go-go;GO:0072329;biological_process
GO:0005575;go-go;GO:0005623;cellular_component
GO:0050801;go-go;GO:0055080;biological_process
GO:0016109;go-go;GO:0016117;biological_process
GO:0042440;go-go;GO:0046148;biological_process
GO:0009056;go-go;GO:0044712;biological_process
GO:0043231;go-go;GO:0005794;cellular_component
GO:0044763;go-go;GO:0006082;biological_process
GO:0006629;go-go;GO:0016042;biological_process
GO:0044282;go-go;GO:0016054;biological_process
GO:0046149;go-go;GO:0015996;biological_process
GO:0044249;go-go;GO:0008299;biological_process
GO:0050789;go-go;GO:0050794;biological_process
GO:0034641;go-go;GO:0044270;biological_process
GO:0051234;go-go;GO:0045184;biological_process
GO:0072329;go-go;GO:0009062;biological_process
GO:0048878;go-go;GO:0055082;biological_process
GO:0016043;go-go;GO:0043933;biological_process
GO:0019395;go-go;GO:0006635;biological_process
GO:1901605;go-go;GO:0006760;biological_process
GO:0050789;go-go;GO:0048583;biological_process
GO:0006810;go-go;GO:0010496;biological_process
GO:0010556;go-go;GO:0010557;biological_process
GO:0051179;go-go;GO:0051234;biological_process
GO:0019318;go-go;GO:0006006;biological_process
GO:0016787;go-go;GO:0016817;molecular_function
GO:0032502;go-go;GO:0003006;biological_process
GO:0060255;go-go;GO:0010605;biological_process
GO:0008150;go-go;GO:0051704;biological_process
GO:0006732;go-go;GO:0006760;biological_process
GO:0051186;go-go;GO:0051188;biological_process
GO:0009987;go-go;GO:0048523;biological_process
GO:1903506;go-go;GO:1903507;biological_process
GO:0051187;go-go;GO:0006787;biological_process
GO:0044424;go-go;GO:0044446;cellular_component
GO:0044248;go-go;GO:0046700;biological_process
GO:0031981;go-go;GO:0000228;cellular_component
GO:0003824;go-go;GO:0016829;molecular_function
GO:0006302;go-go;GO:0000724;biological_process
GO:0009057;go-go;GO:0044265;biological_process
GO:0005886;go-go;GO:0009898;cellular_component
GO:0008283;go-go;GO:0042127;biological_process
GO:0044260;go-go;GO:0034645;biological_process
GO:0006259;go-go;GO:0006281;biological_process
GO:0050896;go-go;GO:0048583;biological_process
GO:0031974;go-go;GO:0043233;cellular_component
GO:0008152;go-go;GO:0003824;biological_process
GO:0044260;go-go;GO:0044264;biological_process
GO:0098805;go-go;GO:0005774;cellular_component
GO:0044437;go-go;GO:0005774;cellular_component
GO:0051252;go-go;GO:0051254;biological_process
GO:0033036;go-go;GO:0070727;biological_process
GO:0050896;go-go;GO:0051716;biological_process
GO:0048037;go-go;GO:0050662;molecular_function
GO:0055085;go-go;GO:0022857;biological_process
GO:0010629;go-go;GO:0016458;biological_process
GO:0043227;go-go;GO:0031090;cellular_component
GO:0098542;go-go;GO:0042742;biological_process
GO:1990748;go-go;GO:0098869;biological_process
GO:0016043;go-go;GO:0006996;biological_process
GO:0031234;go-go;GO:0005834;cellular_component
GO:1902589;go-go;GO:0030036;biological_process
GO:0051173;go-go;GO:0045935;biological_process
GO:0016746;go-go;GO:0016747;molecular_function
GO:0008152;go-go;GO:0044238;biological_process
GO:0016840;go-go;GO:0016841;molecular_function
GO:0044763;go-go;GO:0006281;biological_process
GO:0006082;go-go;GO:0016053;biological_process
GO:0046483;go-go;GO:0006139;biological_process
GO:0034622;go-go;GO:0043623;biological_process
GO:0000271;go-go;GO:0033692;biological_process
GO:0006006;go-go;GO:0006094;biological_process
GO:0044267;go-go;GO:0044257;biological_process
GO:0019222;go-go;GO:0009889;biological_process
GO:0003677;go-go;GO:0043565;molecular_function
GO:0010468;go-go;GO:0010628;biological_process
GO:0009891;go-go;GO:0010557;biological_process
GO:0050896;go-go;GO:0009628;biological_process
GO:0048856;go-go;GO:0048608;biological_process
GO:0019222;go-go;GO:0009892;biological_process
GO:0010628;go-go;GO:0045893;biological_process
GO:1901607;go-go;GO:0009396;biological_process
GO:1901360;go-go;GO:0006139;biological_process
GO:0001101;go-go;GO:0009415;biological_process
GO:0044249;go-go;GO:0019438;biological_process
GO:0031325;go-go;GO:0031328;biological_process
GO:1901363;go-go;GO:0003676;molecular_function
GO:0043226;go-go;GO:0043229;cellular_component
GO:0031326;go-go;GO:0031328;biological_process
GO:0009314;go-go;GO:0009416;biological_process
GO:0032774;go-go;GO:1902679;biological_process
GO:0044464;go-go;GO:0005886;cellular_component
GO:0044265;go-go;GO:0044257;biological_process
GO:0019222;go-go;GO:0009893;biological_process
GO:0016116;go-go;GO:0016117;biological_process
GO:0043229;go-go;GO:0043231;cellular_component
GO:2001141;go-go;GO:0001071;biological_process
GO:0044281;go-go;GO:0044282;biological_process
GO:0043227;go-go;GO:0031988;cellular_component
GO:0050794;go-go;GO:0048522;biological_process
GO:0016122;go-go;GO:0016123;biological_process
GO:0016053;go-go;GO:0046394;biological_process
GO:0005634;go-go;GO:0044428;cellular_component
GO:0032502;go-go;GO:0044767;biological_process
GO:0043167;go-go;GO:0043169;molecular_function
GO:0042221;go-go;GO:0010035;biological_process
GO:0051716;go-go;GO:0007165;biological_process
GO:0009987;go-go;GO:0048522;biological_process
GO:0005975;go-go;GO:0044262;biological_process
GO:0005215;go-go;GO:0022857;molecular_function
GO:0006996;go-go;GO:1902589;biological_process
GO:0008150;go-go;GO:0032502;biological_process
GO:0034637;go-go;GO:0033692;biological_process
GO:0030036;go-go;GO:0007015;biological_process
GO:1902586;go-go;GO:0046740;biological_process
GO:0098562;go-go;GO:0009898;cellular_component
GO:0044464;go-go;GO:0044459;cellular_component
GO:0043234;go-go;GO:1902494;cellular_component
GO:0034654;go-go;GO:0032774;biological_process
GO:0003676;go-go;GO:0003723;molecular_function
GO:0009058;go-go;GO:0009889;biological_process
GO:0010558;go-go;GO:2000113;biological_process
GO:0010468;go-go;GO:0010629;biological_process
GO:0005515;go-go;GO:0008134;molecular_function
GO:0034613;go-go;GO:0006886;biological_process
GO:0044699;go-go;GO:0044707;biological_process
GO:0016740;go-go;GO:0016772;molecular_function
GO:0097659;go-go;GO:1903507;biological_process
GO:0016054;go-go;GO:0046395;biological_process
GO:0050794;go-go;GO:0031323;biological_process
GO:0010604;go-go;GO:0010628;biological_process
GO:0044237;go-go;GO:0051186;biological_process
GO:0043167;go-go;GO:0043168;molecular_function
GO:0051253;go-go;GO:1902679;biological_process
GO:0044283;go-go;GO:0016053;biological_process
GO:0044237;go-go;GO:0006575;biological_process
GO:0003824;go-go;GO:0016740;molecular_function
GO:0005622;go-go;GO:0044424;cellular_component
GO:0034641;go-go;GO:0072527;biological_process
GO:0009889;go-go;GO:0031326;biological_process
GO:0000228;go-go;GO:0044454;cellular_component
GO:0031324;go-go;GO:0045934;biological_process
GO:0044271;go-go;GO:0043604;biological_process
GO:0055080;go-go;GO:0030003;biological_process
GO:0006873;go-go;GO:0030003;biological_process
GO:0016117;go-go;GO:0016123;biological_process
GO:0010556;go-go;GO:2000112;biological_process
GO:0007154;go-go;GO:0007165;biological_process
GO:0044255;go-go;GO:0030258;biological_process
GO:0050801;go-go;GO:0006873;biological_process
GO:0009987;go-go;GO:0044763;biological_process
GO:0006950;go-go;GO:0009414;biological_process
GO:0006396;go-go;GO:0008380;biological_process
GO:0052192;go-go;GO:0052126;biological_process
GO:0043231;go-go;GO:0005768;cellular_component
GO:0000003;go-go;GO:0003006;biological_process
GO:0043170;go-go;GO:0010605;biological_process
GO:0031323;go-go;GO:0031326;biological_process
GO:0051252;go-go;GO:0051253;biological_process
GO:0016772;go-go;GO:0016301;molecular_function
GO:0044238;go-go;GO:0006139;biological_process
GO:0005976;go-go;GO:0044264;biological_process
GO:1903508;go-go;GO:0045893;biological_process
GO:0009059;go-go;GO:0010558;biological_process
GO:0044237;go-go;GO:0006793;biological_process
GO:0044767;go-go;GO:0048367;biological_process
GO:0006461;go-go;GO:0043623;biological_process
GO:0010035;go-go;GO:0009415;biological_process
GO:0005488;go-go;GO:0005515;molecular_function
GO:0044428;go-go;GO:0044454;cellular_component
GO:0034440;go-go;GO:0019395;biological_process
GO:0006725;go-go;GO:0019439;biological_process
GO:0006720;go-go;GO:0006721;biological_process
GO:0044270;go-go;GO:0033015;biological_process
GO:0009058;go-go;GO:0009891;biological_process
GO:0006952;go-go;GO:0098542;biological_process
GO:0044249;go-go;GO:0034645;biological_process
GO:0044763;go-go;GO:0007017;biological_process
GO:0016051;go-go;GO:0009312;biological_process
GO:0031224;go-go;GO:0016021;cellular_component
GO:0050793;go-go;GO:0022603;biological_process
GO:0009987;go-go;GO:0051716;biological_process
GO:0044249;go-go;GO:0016053;biological_process
GO:0008150;go-go;GO:0044699;biological_process
GO:0019219;go-go;GO:0045934;biological_process
GO:0009607;go-go;GO:0043207;biological_process
GO:1902582;go-go;GO:0006605;biological_process
GO:0006139;go-go;GO:0034654;biological_process
GO:0044264;go-go;GO:0033692;biological_process
GO:1903506;go-go;GO:0006355;biological_process
GO:0005575;go-go;GO:0044422;cellular_component
GO:0043231;go-go;GO:0005773;cellular_component
GO:0006810;go-go;GO:0044765;biological_process
GO:0006725;go-go;GO:0033013;biological_process
GO:0044249;go-go;GO:0031326;biological_process
GO:0016853;go-go;GO:0003916;molecular_function
GO:0044427;go-go;GO:0044454;cellular_component
GO:0005886;go-go;GO:0044459;cellular_component
GO:0043170;go-go;GO:0043412;biological_process
GO:0007275;go-go;GO:0048731;biological_process
GO:0051273;go-go;GO:0051274;biological_process
GO:0051704;go-go;GO:0051707;biological_process
GO:0044444;go-go;GO:0044435;cellular_component
GO:0009536;go-go;GO:0009507;cellular_component
GO:0003676;go-go;GO:0003677;molecular_function
GO:0044042;go-go;GO:0006073;biological_process
GO:1901564;go-go;GO:0006575;biological_process
GO:0044281;go-go;GO:0044283;biological_process
GO:0097367;go-go;GO:0032553;molecular_function
GO:0048523;go-go;GO:0031324;biological_process
GO:0006725;go-go;GO:0042723;biological_process
GO:0006950;go-go;GO:0006952;biological_process
GO:0071704;go-go;GO:1901576;biological_process
GO:0044763;go-go;GO:0015996;biological_process
GO:0010467;go-go;GO:0006396;biological_process
GO:0032502;go-go;GO:0050793;biological_process
GO:0003824;go-go;GO:0016491;molecular_function
GO:0097159;go-go;GO:0003676;molecular_function
GO:0016667;go-go;GO:0016668;molecular_function
GO:0018212;go-go;GO:0018108;biological_process
GO:0032549;go-go;GO:0032550;molecular_function
GO:0042559;go-go;GO:0009396;biological_process
GO:0006351;go-go;GO:0045893;biological_process
GO:0032501;go-go;GO:0044707;biological_process
GO:0006520;go-go;GO:1901605;biological_process
GO:0044237;go-go;GO:0044249;biological_process
GO:0009057;go-go;GO:0030163;biological_process
GO:0043226;go-go;GO:0043228;cellular_component
GO:0008152;go-go;GO:0044710;biological_process
GO:0016108;go-go;GO:0016109;biological_process
GO:0005737;go-go;GO:0044444;cellular_component
GO:0016668;go-go;GO:0004791;molecular_function
GO:0045934;go-go;GO:0051253;biological_process
GO:0009898;go-go;GO:0031234;cellular_component
GO:0050794;go-go;GO:0007165;biological_process
GO:0006974;go-go;GO:0006281;biological_process
GO:0051274;go-go;GO:0030244;biological_process
GO:0043170;go-go;GO:0009057;biological_process
GO:0010467;go-go;GO:0010468;biological_process
GO:0009056;go-go;GO:1901575;biological_process
GO:0012505;go-go;GO:0005768;cellular_component
GO:0071704;go-go;GO:0009812;biological_process
GO:0009889;go-go;GO:0009891;biological_process
GO:0009891;go-go;GO:0031328;biological_process
GO:0006468;go-go;GO:0018108;biological_process
GO:0065007;go-go;GO:0050789;biological_process
GO:0071705;go-go;GO:0015706;biological_process
GO:0003674;go-go;GO:0005488;molecular_function
GO:1901362;go-go;GO:0034654;biological_process
GO:0016491;go-go;GO:0016667;molecular_function
GO:0044425;go-go;GO:0031224;cellular_component
GO:0000003;go-go;GO:0022414;biological_process
GO:0010496;go-go;GO:1902586;biological_process
GO:0045935;go-go;GO:0051254;biological_process
GO:2001141;go-go;GO:1902679;biological_process
GO:0046483;go-go;GO:0042558;biological_process
GO:0044763;go-go;GO:0016458;biological_process
GO:0043170;go-go;GO:0005976;biological_process
GO:0008150;go-go;GO:0009987;biological_process
GO:0019222;go-go;GO:0031323;biological_process
GO:0003674;go-go;GO:0016209;molecular_function
GO:0008152;go-go;GO:0009893;biological_process
GO:0051252;go-go;GO:2001141;biological_process
GO:0019725;go-go;GO:0055082;biological_process
GO:0044763;go-go;GO:0019725;biological_process
GO:0044707;go-go;GO:0007275;biological_process
GO:0044710;go-go;GO:0055114;biological_process
GO:0042221;go-go;GO:0001101;biological_process
GO:0042221;go-go;GO:0010033;biological_process
GO:0044419;go-go;GO:0051701;biological_process
GO:0016817;go-go;GO:0016818;molecular_function
GO:0009653;go-go;GO:0048646;biological_process
GO:0044446;go-go;GO:0044428;cellular_component
GO:0006767;go-go;GO:0042723;biological_process
GO:0005694;go-go;GO:0044427;cellular_component
GO:0009058;go-go;GO:0044711;biological_process
GO:0043231;go-go;GO:0005634;cellular_component
GO:0097659;go-go;GO:0006351;biological_process
GO:0017076;go-go;GO:0032555;molecular_function
GO:0006139;go-go;GO:0090304;biological_process
GO:0044699;go-go;GO:0044700;biological_process
GO:0009987;go-go;GO:0044237;biological_process
GO:0052192;go-go;GO:0051814;biological_process
GO:0044237;go-go;GO:0031325;biological_process
GO:0006355;go-go;GO:0003700;biological_process
GO:1901363;go-go;GO:0001882;molecular_function
GO:0009059;go-go;GO:0010556;biological_process
GO:0016818;go-go;GO:0016462;molecular_function
GO:0008150;go-go;GO:0065007;biological_process
GO:0001071;go-go;GO:0003700;molecular_function
GO:0042723;go-go;GO:0006772;biological_process
GO:0009893;go-go;GO:0010604;biological_process
GO:0044699;go-go;GO:0044763;biological_process
GO:0016051;go-go;GO:0034637;biological_process
GO:0022414;go-go;GO:0044702;biological_process
GO:0010467;go-go;GO:0010629;biological_process
GO:0044238;go-go;GO:0019538;biological_process
GO:0048519;go-go;GO:0048523;biological_process
GO:0044763;go-go;GO:0055085;biological_process
GO:0008380;go-go;GO:0000375;biological_process
GO:0008152;go-go;GO:0009892;biological_process
GO:0061458;go-go;GO:0048608;biological_process
GO:0006139;go-go;GO:0045935;biological_process
GO:0006886;go-go;GO:0006605;biological_process
GO:0046914;go-go;GO:0005506;molecular_function
GO:2001141;go-go;GO:1903506;biological_process
GO:1902679;go-go;GO:1903507;biological_process
GO:0044281;go-go;GO:0006082;biological_process
GO:0055114;go-go;GO:0034440;biological_process
GO:0044262;go-go;GO:0044264;biological_process
GO:0032502;go-go;GO:0048646;biological_process
GO:0044248;go-go;GO:0016054;biological_process
GO:0010468;go-go;GO:0006355;biological_process
GO:0005488;go-go;GO:0043167;molecular_function
GO:0005976;go-go;GO:0044042;biological_process
GO:0006810;go-go;GO:0044766;biological_process
GO:0019438;go-go;GO:0034654;biological_process
GO:0044237;go-go;GO:0031323;biological_process
GO:0000725;go-go;GO:0000724;biological_process
GO:0031326;go-go;GO:2001141;biological_process
GO:0016491;go-go;GO:0016705;molecular_function
GO:0006355;go-go;GO:0045893;biological_process
GO:0044248;go-go;GO:0044270;biological_process
GO:0004672;go-go;GO:0004674;molecular_function
GO:0016747;go-go;GO:0016409;molecular_function
GO:0008150;go-go;GO:0000003;biological_process
GO:0005575;go-go;GO:0032991;cellular_component
GO:0016491;go-go;GO:0016651;molecular_function
GO:0044765;go-go;GO:0006811;biological_process
GO:0043933;go-go;GO:0071822;biological_process
GO:0044464;go-go;GO:0005622;cellular_component
GO:0001882;go-go;GO:0001883;molecular_function
GO:0046148;go-go;GO:0016117;biological_process
GO:0043170;go-go;GO:0009059;biological_process
GO:0006810;go-go;GO:0071705;biological_process
GO:1901265;go-go;GO:0035639;molecular_function
GO:0009062;go-go;GO:0006635;biological_process
GO:0033015;go-go;GO:0006787;biological_process
GO:0031326;go-go;GO:2000112;biological_process
GO:0006950;go-go;GO:0006970;biological_process
GO:0044237;go-go;GO:0006725;biological_process
GO:0016740;go-go;GO:0016757;molecular_function
GO:0042440;go-go;GO:0046149;biological_process
GO:0060255;go-go;GO:0010468;biological_process
GO:0072527;go-go;GO:0042723;biological_process
GO:0003674;go-go;GO:0005215;molecular_function
GO:0016651;go-go;GO:0016668;molecular_function
GO:0006310;go-go;GO:0000725;biological_process
GO:0098796;go-go;GO:0098797;cellular_component
GO:0032502;go-go;GO:0009653;biological_process
GO:1901564;go-go;GO:0033013;biological_process
GO:0005575;go-go;GO:0043226;cellular_component
GO:0032774;go-go;GO:1902680;biological_process
GO:1902680;go-go;GO:1903508;biological_process
GO:0010467;go-go;GO:0006351;biological_process
GO:0015698;go-go;GO:0015706;biological_process
GO:0048519;go-go;GO:0048585;biological_process
GO:0016829;go-go;GO:0016840;molecular_function
GO:0009892;go-go;GO:0051172;biological_process
GO:0044711;go-go;GO:0008610;biological_process
GO:1901576;go-go;GO:1901566;biological_process
GO:0050896;go-go;GO:0006950;biological_process
GO:0006970;go-go;GO:0009651;biological_process
GO:0003674;go-go;GO:0003824;molecular_function
GO:0032559;go-go;GO:0005524;molecular_function
GO:0008233;go-go;GO:0070011;molecular_function
GO:0071704;go-go;GO:0006629;biological_process
GO:0006796;go-go;GO:0016310;biological_process
GO:0051179;go-go;GO:1902578;biological_process
GO:0006464;go-go;GO:0018193;biological_process
GO:0098869;go-go;GO:0016209;biological_process
GO:0019752;go-go;GO:0006520;biological_process
GO:0006807;go-go;GO:0051171;biological_process
GO:0030554;go-go;GO:0032559;molecular_function
GO:0032553;go-go;GO:0032555;molecular_function
GO:0006996;go-go;GO:0007010;biological_process
GO:0071944;go-go;GO:0005886;cellular_component
GO:0050794;go-go;GO:0048523;biological_process
GO:0046907;go-go;GO:0006886;biological_process
GO:0036094;go-go;GO:0000166;molecular_function
GO:0048367;go-go;GO:0090567;biological_process
GO:1901564;go-go;GO:0042558;biological_process
GO:0098588;go-go;GO:0005774;cellular_component
GO:0050896;go-go;GO:0009605;biological_process
GO:0005634;go-go;GO:0000228;cellular_component
GO:0006468;go-go;GO:0004672;biological_process
GO:0012505;go-go;GO:0005794;cellular_component
GO:0044260;go-go;GO:0006259;biological_process
GO:1901564;go-go;GO:0006520;biological_process
GO:0016903;go-go;GO:0016620;molecular_function
GO:0018108;go-go;GO:0004713;biological_process
GO:0090304;go-go;GO:0006259;biological_process
GO:0016070;go-go;GO:0009451;biological_process
GO:0044712;go-go;GO:0016042;biological_process
GO:0044255;go-go;GO:0044242;biological_process
GO:0016020;go-go;GO:0044425;cellular_component
GO:0048518;go-go;GO:0048522;biological_process
GO:0008150;go-go;GO:0048518;biological_process
GO:0046364;go-go;GO:0019319;biological_process
GO:0044248;go-go;GO:0044265;biological_process
GO:0030029;go-go;GO:0030036;biological_process
GO:0005976;go-go;GO:0000271;biological_process
GO:0010556;go-go;GO:0010558;biological_process
GO:0016740;go-go;GO:0016746;molecular_function
GO:0007275;go-go;GO:0009791;biological_process
GO:0006073;go-go;GO:0009250;biological_process
GO:0043436;go-go;GO:0019752;biological_process
GO:0019219;go-go;GO:0051252;biological_process
GO:0016829;go-go;GO:0016835;molecular_function
GO:0001882;go-go;GO:0032549;molecular_function
GO:0009893;go-go;GO:0031325;biological_process
GO:0043169;go-go;GO:0046872;molecular_function
GO:0046872;go-go;GO:0046914;molecular_function
GO:0045184;go-go;GO:0015031;biological_process
GO:0019222;go-go;GO:0080090;biological_process
GO:0019222;go-go;GO:0060255;biological_process
GO:0044764;go-go;GO:0016032;biological_process
GO:1902582;go-go;GO:0016197;biological_process
GO:0044248;go-go;GO:0019439;biological_process
GO:0043603;go-go;GO:0006760;biological_process
GO:0044428;go-go;GO:0031981;cellular_component
GO:0042592;go-go;GO:0048878;biological_process
GO:0016887;go-go;GO:0042623;molecular_function
GO:0006139;go-go;GO:0019219;biological_process
GO:0043170;go-go;GO:0044260;biological_process
GO:1901360;go-go;GO:0033013;biological_process
GO:1901576;go-go;GO:0009059;biological_process
GO:0009791;go-go;GO:0090567;biological_process
GO:0043234;go-go;GO:0098796;cellular_component
GO:0015979;go-go;GO:0010109;biological_process
GO:0097659;go-go;GO:1903508;biological_process
GO:0008234;go-go;GO:0019783;molecular_function
GO:0005488;go-go;GO:0048037;molecular_function
GO:0044699;go-go;GO:1902578;biological_process
GO:0003824;go-go;GO:0016787;molecular_function
GO:1901575;go-go;GO:1901565;biological_process
GO:0043623;go-go;GO:0051258;biological_process
GO:0006721;go-go;GO:0016114;biological_process
GO:0008150;go-go;GO:0071840;biological_process
GO:0009059;go-go;GO:0010557;biological_process
GO:0044424;go-go;GO:0005737;cellular_component
GO:0009617;go-go;GO:0042742;biological_process
GO:0044403;go-go;GO:0052192;biological_process
GO:0016043;go-go;GO:0022607;biological_process
GO:0009987;go-go;GO:0006457;biological_process
GO:0043228;go-go;GO:0043232;cellular_component
GO:0051649;go-go;GO:0046907;biological_process
GO:0050789;go-go;GO:0048518;biological_process
GO:0044249;go-go;GO:0051188;biological_process
GO:1901605;go-go;GO:1901607;biological_process
GO:0044425;go-go;GO:0098552;cellular_component
GO:0043412;go-go;GO:0036211;biological_process
GO:0018130;go-go;GO:0034654;biological_process
GO:0008152;go-go;GO:0044237;biological_process
GO:0044237;go-go;GO:0046483;biological_process
GO:1901566;go-go;GO:0008652;biological_process
GO:0016301;go-go;GO:0004672;molecular_function
GO:0044710;go-go;GO:0044281;biological_process
GO:0005575;go-go;GO:0031974;cellular_component
GO:0044710;go-go;GO:0044712;biological_process
GO:0044237;go-go;GO:0031324;biological_process
GO:0044237;go-go;GO:0044255;biological_process
GO:0044444;go-go;GO:0005768;cellular_component
GO:0012505;go-go;GO:0005783;cellular_component
GO:0006629;go-go;GO:0008610;biological_process
GO:0071840;go-go;GO:0016043;biological_process
GO:0009987;go-go;GO:0010496;biological_process
GO:0033013;go-go;GO:0006778;biological_process
GO:0046394;go-go;GO:0008652;biological_process
GO:0090304;go-go;GO:0016070;biological_process
GO:1901576;go-go;GO:0016051;biological_process
GO:0048731;go-go;GO:0048367;biological_process
GO:0008104;go-go;GO:0015031;biological_process
GO:0044424;go-go;GO:0044444;cellular_component
GO:0051707;go-go;GO:0098542;biological_process
GO:0034645;go-go;GO:0006351;biological_process
GO:0030163;go-go;GO:0044257;biological_process
GO:0009605;go-go;GO:0043207;biological_process
GO:0008152;go-go;GO:0009058;biological_process
GO:0044700;go-go;GO:0007165;biological_process
GO:0016020;go-go;GO:0005886;cellular_component
GO:0044237;go-go;GO:0006082;biological_process
GO:0044763;go-go;GO:0042723;biological_process
GO:0044262;go-go;GO:0034637;biological_process
GO:0005515;go-go;GO:0046983;molecular_function
GO:0046739;go-go;GO:0046740;biological_process
GO:0060255;go-go;GO:0010556;biological_process
GO:0044249;go-go;GO:0031328;biological_process
GO:0033554;go-go;GO:0006974;biological_process
GO:0043603;go-go;GO:0043604;biological_process
GO:0051179;go-go;GO:0033036;biological_process
GO:0008152;go-go;GO:0006807;biological_process
GO:0019318;go-go;GO:0019319;biological_process
GO:0097159;go-go;GO:0001882;molecular_function
GO:0016772;go-go;GO:0016773;molecular_function
GO:0044249;go-go;GO:0018130;biological_process
GO:0005488;go-go;GO:0097367;molecular_function
GO:0044723;go-go;GO:0009311;biological_process
GO:0065003;go-go;GO:0034622;biological_process
GO:0044699;go-go;GO:0044767;biological_process
GO:0019752;go-go;GO:0046395;biological_process
GO:0065007;go-go;GO:0065008;biological_process
GO:0006811;go-go;GO:0006812;biological_process
GO:0006082;go-go;GO:0043436;biological_process
GO:0009636;go-go;GO:0098754;biological_process
GO:0005623;go-go;GO:0044464;cellular_component
